{
  "constraint_comparison": {
    "basic": {
      "total_runs": 9,
      "success_rate": 66.66666666666666,
      "target_achievement_rate": 0.0,
      "average_lof": 16.80947736161678,
      "best_lof": 7.684124157766556,
      "average_iterations": 8.0,
      "average_time": 0.010354015562269423
    },
    "smoothness_0.1": {
      "total_runs": 9,
      "success_rate": 66.66666666666666,
      "target_achievement_rate": 0.0,
      "average_lof": 16.802204873339107,
      "best_lof": 7.659699461490368,
      "average_iterations": 8.0,
      "average_time": 0.049920744366115995
    },
    "smoothness_0.2": {
      "total_runs": 9,
      "success_rate": 66.66666666666666,
      "target_achievement_rate": 0.0,
      "average_lof": 16.80366279468781,
      "best_lof": 7.6619772972876214,
      "average_iterations": 8.0,
      "average_time": 0.049974679946899414
    },
    "smoothness_0.5": {
      "total_runs": 9,
      "success_rate": 66.66666666666666,
      "target_achievement_rate": 0.0,
      "average_lof": 16.805815145497817,
      "best_lof": 7.6655136494281,
      "average_iterations": 8.0,
      "average_time": 0.05004522535536024
    },
    "smoothness_1.0": {
      "total_runs": 9,
      "success_rate": 66.66666666666666,
      "target_achievement_rate": 0.0,
      "average_lof": 16.805400904691982,
      "best_lof": 7.662562561604777,
      "average_iterations": 8.0,
      "average_time": 0.05097553465101454
    },
    "combined": {
      "total_runs": 9,
      "success_rate": 66.66666666666666,
      "target_achievement_rate": 0.0,
      "average_lof": 16.805815145497817,
      "best_lof": 7.6655136494281,
      "average_iterations": 8.0,
      "average_time": 0.04986127217610677
    }
  },
  "best_constraint_type": "smoothness_0.1"
}