iteration,lof
0,33.624617482990374
1,28.08132331029769
2,28.06207968481288
3,28.061996906139168
