iteration,lof
0,33.42408048461173
1,27.855787472866915
2,27.83671317900971
3,27.836633272347626
