iteration,lof
0,33.62480301390166
1,28.082590580559046
2,28.063351970001154
3,28.06326894374147
