{
  "experiment_metadata": {
    "timestamp": "20250929_091253",
    "total_experiments": 120,
    "target_lof": 0.2,
    "successful_convergence": 90,
    "target_lof_achieved": 0
  },
  "overall_performance": {
    "success_rate": 75.0,
    "target_achievement_rate": 0.0,
    "average_lof": 39.32545932903466,
    "median_lof": 21.850083179089903,
    "best_lof": 14.352738048312256,
    "average_iterations": 8.0,
    "average_computation_time": 0.1472270389397939
  },
  "best_configurations": {
    "best_overall_lof": {
      "experiment_id": "basic_comp3_seed42",
      "lof": 14.352738048312256,
      "constraint_type": "basic",
      "n_components": 3
    }
  },
  "component_scalability": {
    "optimal_component_count": 3,
    "performance_by_components": {
      "1": 100.0,
      "2": 28.06267834144609,
      "3": 14.355765297857136,
      "4": 14.88339367683543
    }
  }
}