iteration,lof
0,33.42401458985494
1,27.855429370127478
2,27.836354259950202
3,27.836274469003115
