iteration,lof
0,33.42421706908413
1,27.854039215119663
2,27.834950003503504
3,27.8348702323377
