{
  "constraint_comparison": {
    "basic": {
      "total_runs": 20,
      "success_rate": 75.0,
      "target_achievement_rate": 0.0,
      "average_lof": 39.890204215055086,
      "best_lof": 14.181923941560296,
      "average_iterations": 8.0,
      "average_time": 0.025389206409454346
    },
    "smoothness_0.1": {
      "total_runs": 20,
      "success_rate": 75.0,
      "target_achievement_rate": 0.0,
      "average_lof": 39.71601011918745,
      "best_lof": 14.183000701440562,
      "average_iterations": 8.0,
      "average_time": 0.3920477986335754
    },
    "smoothness_0.2": {
      "total_runs": 20,
      "success_rate": 75.0,
      "target_achievement_rate": 0.0,
      "average_lof": 39.650573192405275,
      "best_lof": 14.184020803564168,
      "average_iterations": 8.0,
      "average_time": 0.3924169778823853
    },
    "smoothness_0.5": {
      "total_runs": 20,
      "success_rate": 75.0,
      "target_achievement_rate": 0.0,
      "average_lof": 39.5584587809565,
      "best_lof": 14.185531862122176,
      "average_iterations": 8.0,
      "average_time": 0.39216039180755613
    },
    "smoothness_1.0": {
      "total_runs": 20,
      "success_rate": 75.0,
      "target_achievement_rate": 0.0,
      "average_lof": 39.48177494166386,
      "best_lof": 14.186525657587412,
      "average_iterations": 8.0,
      "average_time": 0.3933552861213684
    },
    "combined": {
      "total_runs": 20,
      "success_rate": 75.0,
      "target_achievement_rate": 0.0,
      "average_lof": 39.5584587809565,
      "best_lof": 14.185531862122176,
      "average_iterations": 8.0,
      "average_time": 0.3930570363998413
    }
  },
  "best_constraint_type": "smoothness_1.0"
}