iteration,lof
0,33.62469151882474
1,28.081853227440316
2,28.062612503475208
3,28.062529673681873
