iteration,lof
0,33.62487599428046
1,28.08307429249269
2,28.06383411663243
3,28.063750739021522
