iteration,lof
0,33.42387127337921
1,27.854538205034718
2,27.835457459222994
3,27.835377737376543
