iteration,lof
0,33.624904570496824
1,28.080590847304897
2,28.0613376619694
3,28.06125484235105
