iteration,lof
0,33.42390854472343
1,27.85490493284647
2,27.835827016756426
3,27.835747286434803
