{
  "constraint_comparison": {
    "basic": {
      "total_runs": 20,
      "success_rate": 75.0,
      "target_achievement_rate": 0.0,
      "average_lof": 39.513226101623026,
      "best_lof": 14.352738048312256,
      "average_iterations": 8.0,
      "average_time": 0.016974925994873047
    },
    "smoothness_0.1": {
      "total_runs": 20,
      "success_rate": 75.0,
      "target_achievement_rate": 0.0,
      "average_lof": 39.37199061455597,
      "best_lof": 14.354180373198815,
      "average_iterations": 8.0,
      "average_time": 0.17406153678894043
    },
    "smoothness_0.2": {
      "total_runs": 20,
      "success_rate": 75.0,
      "target_achievement_rate": 0.0,
      "average_lof": 39.32572263165361,
      "best_lof": 14.355377857066987,
      "average_iterations": 8.0,
      "average_time": 0.1730665683746338
    },
    "smoothness_0.5": {
      "total_runs": 20,
      "success_rate": 75.0,
      "target_achievement_rate": 0.0,
      "average_lof": 39.26496691254197,
      "best_lof": 14.357070755222246,
      "average_iterations": 8.0,
      "average_time": 0.1733116865158081
    },
    "smoothness_1.0": {
      "total_runs": 20,
      "success_rate": 75.0,
      "target_achievement_rate": 0.0,
      "average_lof": 39.211882801291424,
      "best_lof": 14.358153998120263,
      "average_iterations": 8.0,
      "average_time": 0.1729999303817749
    },
    "combined": {
      "total_runs": 20,
      "success_rate": 75.0,
      "target_achievement_rate": 0.0,
      "average_lof": 39.26496691254197,
      "best_lof": 14.357070755222246,
      "average_iterations": 8.0,
      "average_time": 0.17294758558273315
    }
  },
  "best_constraint_type": "smoothness_1.0"
}