{
  "parameter_sensitivity": {
    "smoothness_0.1": {
      "strength": 0.1,
      "success_rate": 66.66666666666666,
      "target_achievement_rate": 0.0,
      "average_lof": 16.802204873339107,
      "performance_stability": 9.07870168810312
    },
    "smoothness_0.2": {
      "strength": 0.2,
      "success_rate": 66.66666666666666,
      "target_achievement_rate": 0.0,
      "average_lof": 16.80366279468781,
      "performance_stability": 9.077957379721521
    },
    "smoothness_0.5": {
      "strength": 0.5,
      "success_rate": 66.66666666666666,
      "target_achievement_rate": 0.0,
      "average_lof": 16.805815145497817,
      "performance_stability": 9.076820947263096
    },
    "smoothness_1.0": {
      "strength": 1.0,
      "success_rate": 66.66666666666666,
      "target_achievement_rate": 0.0,
      "average_lof": 16.805400904691982,
      "performance_stability": 9.078120128475307
    }
  },
  "optimal_parameters": {
    "best_available_smoothness_strength": 0.1,
    "best_lof": 16.802204873339107
  }
}